Chat with AI,Reply,flag,username,timestamp
желание и готовность постоянно обучаться,,,,2023-04-09 21:32:57.676721
желание и готовность постоянно обучаться,"{""original"": ""желание и готовность постоянно обучаться"", ""simple_form"": [""желание обучаться"", ""готовность обучаться"", ""постоянное обучение""], ""tag"": ""skill""}",,,2023-04-09 21:35:43.042052
"'наличие коммуникативных навыков;
имеет аналитический склад ума.
Опыт работы с Mercurial
Адекватность‚ аналитический склад ума
опыт администрирования сетевой инфраструктуры;
Прикладная математика;
Знание основных элементов сетевой инфраструктуры
Router: Fortigate
знание Python / Django
понимание принципов ITILL, ITSM
Знание postgreSQL.
умеете выстраивать процессы;
Мыслите критически и конструктивно;
Желание и умение учиться новому
framework symphony 2.1
Образование любое,
уверенное владение JS;
Техническое образование предпочтительно;
Хорошее знание механизмов синхронизации
Умеет конструктивно общаться с коллегами
Postgre Sql;
Messaging (желательно Kafka)
знание JavaSckript ;
коммуникабельность, аналитические способности,
Глубокое знание Qt и C++
Хорошие знания платформы .
высокая степень проактивности кандидата.
«быстрые руки»;
PHP / Javascript
Знание ключевых аспектов ООП","{""original"": ""наличие коммуникативных навыков;"", ""simple_forms"": [{""simple_form"": ""коммуникативные навыки"", ""tag"": ""skill""}]}, {""original"": ""имеет аналитический склад ума."", ""simple_forms"": [{""simple_form"": ""аналитический склад ума"", ""tag"": ""knowledge""}]}, {""original"": ""Опыт работы с Mercurial"", ""simple_forms"": [{""simple_form"": ""опыт работы с Mercurial"", ""tag"": ""skill""}]}, {""original"": ""Адекватность‚ аналитический склад ума"", ""simple_forms"": [{""simple_form"": ""аналитический склад ума"", ""tag"": ""knowledge""}]}, {""original"": ""опыт администрирования сетевой инфраструктуры;"", ""simple_forms"": [{""simple_form"": ""опыт администрирования сетевой инфраструктуры"", ""tag"": ""skill""}]}, {""original"": ""Прикладная математика;"", ""simple_forms"": [{""simple_form"": ""прикладная математика"", ""tag"": ""knowledge""}]}, {""original"": ""Знание основных элементов сетевой инфраструктуры"", ""simple_forms"": [{""simple_form"": ""знание основных элементов сетевой инфраструктуры"", ""tag"": ""knowledge""}]}, {""original"": ""Router: Fortigate"", ""simple_forms"": [{""simple_form"": ""Router Fortigate"", ""tag"": ""unknown""}]}, {""original"": ""знание Python / Django"", ""simple_forms"": [{""simple_form"": ""знание Python"", ""tag"": ""knowledge""}, {""simple_form"": ""знание Django"", ""tag"": ""knowledge""}]}, {""original"": ""понимание принципов ITILL, ITSM"", ""simple_forms"": [{""simple_form"": ""понимание принципов ITILL"", ""tag"": ""knowledge""}, {""simple_form"": ""понимание принципов ITSM"", ""tag"": ""knowledge""}]}, {""original"": ""Знание postgreSQL."", ""simple_forms"": [{""simple_form"": ""знание postgreSQL"", ""tag"": ""knowledge""}]}, {""original"": ""умеете выстраивать процессы;"", ""simple_forms"": [{""simple_form"": ""умение выстраивать процессы"", ""tag"": ""skill""}]}, {""original"": ""Мыслите критически и конструктивно;"", ""simple_forms"": [{""simple_form"": ""умение мыслить критически"", ""tag"": ""skill""}, {""simple_form"": ""умение мыслить конструктивно"", ""tag"": ""skill""}]}, {""original"": ""Желание и умение учиться новому"", ""simple_forms"": [{""simple_form"": ""желание учиться новому"", ""tag"": ""skill""}, {""simple_form"": ""умение учиться новому"", ""tag"": ""skill""}]}, {""original"": ""framework symphony 2.1"", ""simple_forms"": [{""simple_form"": ""framework symphony 2.1"", ""tag"": ""unknown""}]}, {""original"": ""Образование любое,"", ""simple_forms"": [{""simple_form"": ""образование"", ""tag"": ""unknown""}]}, {""original"": ""уверенное владение JS;"", ""simple_forms"": [{""simple_form"": ""уверенное владение JS"", ""tag"": ""skill""}]}, {""original"": ""Техническое образование предпочтительно;"", ""simple_forms"": [{""simple_form"": ""техническое образование"", ""tag"": ""knowledge""}]}, {""original"": ""Хорошее знание механизмов синхронизации"", ""simple_forms"": [{""simple_form"": ""знание механизмов синхронизации"", ""tag"": ""knowledge""}]}, {""original"": ""Умеет конструктивно общаться с коллегами"", ""simple_forms"": [{""simple_form"": ""умение конструктивно общаться с коллегами"", ""tag"": ""skill""}]}, {""original"": ""Postgre Sql;"", ""simple_forms"": [{""simple_form"": ""Postgre Sql"", ""tag"": ""unknown""}]}, {""original"": ""Messaging (желательно Kafka)"", ""simple_forms"": [{""simple_form"": ""Messaging"", ""tag"": ""unknown""}, {""simple_form"": ""желательно Kafka"", ""tag"": ""unknown""}]}, {""original"": ""знание JavaSckript ;"", ""simple_forms"": [{""simple_form"": ""знание JavaSckript"", ""tag"": ""knowledge""}]}, {""original"": ""коммуникабельность, аналитические способности,"", ""simple_forms"": [{""simple_form"": ""коммуникабельность"", ""tag"": ""skill""}, {""simple_form"": ""аналитические способности"", ""tag"": ""knowledge""}]}, {""original"": ""Глубокое знание Qt и C++"", ""simple_forms"": [{""simple_form"": ""знание Qt"", ""tag"": ""knowledge""}, {""simple_form"": ""знание C++"", ""tag"": ""knowledge""}]}, {""original"": ""Хорошие знания платформы ."", ""simple_forms"": [{""simple_form"": ""знание платформы"", ""tag"": ""knowledge""}]}, {""original"": ""высокая степень проактивности кандидата."", ""simple_forms"": [{""simple_form"": ""высокая степень проактивности"", ""tag"": ""skill""}]}, {""original"": ""«быстрые руки»;"", ""simple_forms"": [{""simple_form"": ""быстрые руки"", ""tag"": ""skill""}]}, {""original"": ""PHP / Javascript"", ""simple_forms"": [{""simple_form"": ""PHP"", ""tag"": ""knowledge""}, {""simple_form"": ""Javascript"", ""tag"": ""knowledge""}]}, {""original"": ""Знание ключевых аспектов ООП"", ""simple_forms"": [{""simple_form"": ""знание ключевых аспектов ООП"", ""tag"": ""knowledge""}]}",,,2023-04-12 18:29:53.258991
